CustomerID,TransactionDate,Amount
CUST-52,2023-02-03,329.22962272189375
CUST-93,2023-04-21,496.10599158863283
CUST-15,2023-09-21,145.50799166127928
CUST-72,2023-08-24,182.77975968478458
CUST-61,2023-03-24,195.00434017455916
CUST-21,2023-02-11,235.57733947502302
CUST-83,2023-04-11,418.8190415716987
CUST-87,2023-01-06,121.71708650980888
CUST-75,2023-06-29,389.1201024825376
CUST-75,2023-10-09,205.628540627443
CUST-88,2023-11-16,302.91841491269423
CUST-100,2023-08-14,318.1075639470215
CUST-24,2023-11-11,189.56007540852255
CUST-3,2023-12-31,258.74452657687357
CUST-22,2023-08-17,209.45043145061
CUST-53,2023-10-16,39.22072916237663
CUST-2,2023-05-30,221.39686746432915
CUST-88,2023-10-04,53.20972931400833
CUST-30,2023-07-17,205.48529554475914
CUST-38,2023-03-11,298.49460791673204
CUST-2,2023-04-22,291.8103751750329
CUST-64,2023-01-04,332.9975331091186
CUST-60,2023-12-16,52.15444643754002
CUST-21,2023-11-27,327.80100653756676
CUST-33,2023-11-14,159.5132880647413
CUST-76,2023-12-16,202.52774333787
CUST-58,2023-04-05,429.7031956917394
CUST-22,2023-06-01,9.470050044127374
CUST-89,2023-11-07,296.2642535035997
CUST-49,2023-05-17,301.36342014955324
CUST-91,2023-09-04,201.34658929006318
CUST-59,2023-08-31,122.32878926862641
CUST-42,2023-01-31,121.16364893946779
CUST-92,2023-02-09,442.43628648207255
CUST-60,2023-08-17,223.80206502251448
CUST-80,2023-02-05,168.7902346796401
CUST-15,2023-08-11,227.1448990465445
CUST-62,2023-01-06,336.34824872238386
CUST-62,2023-11-18,77.14950128115208
CUST-47,2023-08-08,227.46974843080017
CUST-62,2023-03-16,296.00276369964155
CUST-51,2023-01-04,474.5487606514597
CUST-55,2023-12-01,130.00125212733252
CUST-64,2023-05-14,182.82912021854156
CUST-3,2023-04-28,192.78250201159977
CUST-51,2023-04-04,304.741388034217
CUST-7,2023-03-03,181.58236625480083
CUST-21,2023-07-13,269.0884030233493
CUST-73,2023-12-01,391.98621327328954
CUST-39,2023-07-22,354.16586908554075
CUST-18,2023-01-26,225.95248002372986
CUST-4,2023-06-22,432.7870079487136
CUST-89,2023-10-27,281.27942354896214
CUST-60,2023-05-13,272.2533905535952
CUST-14,2023-11-22,21.9229441398833
CUST-9,2023-04-28,493.413025276795
CUST-90,2023-11-20,65.87055022216524
CUST-53,2023-10-02,119.40980165168507
CUST-2,2023-07-31,30.589934434555847
CUST-84,2023-08-13,321.8014685842723
CUST-92,2023-01-20,116.2270826014766
CUST-60,2023-04-23,94.10516654899813
CUST-71,2023-05-20,48.83501419050449
CUST-44,2023-02-16,56.137933776387754
CUST-8,2023-01-01,294.4119967190814
CUST-47,2023-03-31,345.66289360396473
CUST-35,2023-05-22,201.7025992898785
CUST-78,2023-11-16,242.54905538807625
CUST-81,2023-02-07,344.55402931157715
CUST-36,2023-10-20,13.60299614181242
CUST-50,2023-05-19,164.94967524978787
CUST-4,2023-12-22,486.6833852948215
CUST-2,2023-11-29,292.1555536992567
CUST-6,2023-09-16,130.84116704925916
CUST-54,2023-06-10,263.2563730849255
CUST-4,2023-06-27,174.6134766198531
CUST-54,2023-01-10,268.4612694690181
CUST-93,2023-09-18,67.24204834429116
CUST-63,2023-05-18,70.69375364054231
CUST-18,2023-06-21,76.05346920949947
CUST-90,2023-01-13,470.21079700378664
CUST-44,2023-06-17,367.7849645789642
CUST-34,2023-05-10,85.37903785784884
CUST-74,2023-03-25,98.23279646397272
CUST-62,2023-11-17,366.7605900610838
CUST-100,2023-11-15,82.30110317212609
CUST-14,2023-04-11,121.10784020074018
CUST-95,2023-11-25,481.85668224609753
CUST-48,2023-09-30,131.37672974057375
CUST-15,2023-09-22,332.5080134337176
CUST-72,2023-02-07,489.42248726326255
CUST-78,2023-04-04,190.27689973419737
CUST-87,2023-04-05,13.670415476720807
CUST-62,2023-11-01,125.85290875907526
CUST-40,2023-03-10,416.2842097141442
CUST-85,2023-11-14,432.9813737977432
CUST-80,2023-08-24,385.41708543927666
CUST-82,2023-11-30,60.989360442903646
CUST-53,2023-05-17,398.77763398971956
CUST-24,2023-03-17,459.74550951178463
CUST-26,2023-02-04,302.30172356038685
CUST-89,2023-01-01,470.7333013873421
CUST-60,2023-10-23,414.2852474373793
CUST-41,2023-11-16,335.1509009104991
CUST-29,2023-03-01,290.70669217231534
CUST-15,2023-11-16,177.5439652847754
CUST-45,2023-12-15,83.84728539518855
CUST-65,2023-11-24,304.4521917318177
CUST-89,2023-09-24,162.46521904096915
CUST-71,2023-12-27,433.8871404261845
CUST-9,2023-08-17,496.7017839925211
CUST-88,2023-09-27,377.4517424947084
CUST-1,2023-11-12,49.78843916709012
CUST-8,2023-10-13,147.89936978766588
CUST-88,2023-10-18,59.00926772404611
CUST-63,2023-08-01,327.0032656568993
CUST-11,2023-06-14,383.7694779551134
CUST-81,2023-01-05,463.2090412859523
CUST-8,2023-12-05,221.8953114739339
CUST-35,2023-03-19,451.1809465462799
CUST-35,2023-03-03,439.55612372545716
CUST-33,2023-05-12,162.01187979887231
CUST-5,2023-03-30,435.10580964258264
CUST-41,2023-08-25,190.95776468145462
CUST-28,2023-02-11,151.950290907339
CUST-7,2023-03-30,326.29195610322455
CUST-73,2023-10-23,167.54870780311512
CUST-72,2023-11-24,316.9533304229264
CUST-12,2023-10-22,306.8667437218538
CUST-34,2023-04-14,283.9022690374871
CUST-33,2023-01-14,193.30775359523486
CUST-48,2023-10-15,276.507362217481
CUST-23,2023-06-28,300.26031011778366
CUST-62,2023-05-05,275.1150098052593
CUST-88,2023-12-19,224.98762911184477
CUST-37,2023-01-23,12.260193237900586
CUST-99,2023-03-04,295.5955453120697
CUST-44,2023-05-23,88.37997064564622
CUST-86,2023-06-02,323.07510462885887
CUST-91,2023-05-25,380.87544232181864
CUST-35,2023-08-13,252.72042801971702
CUST-65,2023-11-05,273.47001416497045
CUST-99,2023-04-14,475.98188703466565
CUST-47,2023-04-14,424.3478438794242
CUST-78,2023-02-08,457.54707539597763
CUST-3,2023-07-17,407.81431271819525
CUST-1,2023-05-14,58.91457921413206
CUST-5,2023-03-08,78.75096870524638
CUST-90,2023-06-28,265.678779648135
CUST-14,2023-02-11,126.80448110500913
CUST-27,2023-01-15,240.9642601453738
CUST-9,2023-04-21,200.21083529008337
CUST-79,2023-06-06,276.9600480230744
CUST-15,2023-10-16,374.70347948723224
CUST-90,2023-08-19,359.16799901414083
CUST-42,2023-06-06,263.0108955802405
CUST-77,2023-02-07,412.08474231444376
CUST-51,2023-04-07,218.27673531132652
CUST-63,2023-10-16,448.87357347086055
CUST-96,2023-09-11,40.28373367730613
CUST-52,2023-07-15,477.5567148664872
CUST-96,2023-03-27,329.07307530851733
CUST-4,2023-11-18,193.13688192391663
CUST-94,2023-01-10,102.59129265357429
CUST-23,2023-01-05,242.19569857458197
CUST-15,2023-05-03,101.30636997672399
CUST-43,2023-11-26,87.33414583285537
CUST-29,2023-12-19,310.5891199194222
CUST-36,2023-04-28,263.9269386679834
CUST-13,2023-10-21,336.69753713241613
CUST-32,2023-06-08,465.1549093238846
CUST-71,2023-10-30,268.4688056028249
CUST-59,2023-08-16,292.5613663650849
CUST-86,2023-12-31,49.365037881696345
CUST-28,2023-08-04,360.2297140247716
CUST-66,2023-07-03,202.9530773680573
CUST-42,2023-01-15,488.47899313797654
CUST-45,2023-06-06,412.4711377198518
CUST-62,2023-05-16,263.6281150554786
CUST-57,2023-09-18,65.9952138152222
CUST-6,2023-06-06,430.41081767389164
CUST-28,2023-02-16,400.8916422348907
CUST-28,2023-11-20,96.36963912083132
CUST-44,2023-11-28,151.1627531640535
CUST-84,2023-06-22,397.73659278317945
CUST-30,2023-05-10,96.68808104096779
CUST-62,2023-04-05,459.28748213983175
CUST-75,2023-04-25,215.14107547219913
CUST-92,2023-08-31,48.08428648089103
CUST-89,2023-10-19,408.79557853461904
CUST-62,2023-10-09,189.88729310400186
CUST-97,2023-10-26,265.6171011061216
CUST-1,2023-10-10,60.59065048355349
CUST-27,2023-03-10,6.27908734826628
CUST-62,2023-05-28,320.80267686768235
CUST-77,2023-01-11,260.01170931519715
CUST-3,2023-09-11,298.80159171595784
CUST-70,2023-11-26,397.9032059383556
CUST-72,2023-12-26,325.0699271443158
CUST-27,2023-02-07,91.5128541995517
CUST-9,2023-05-14,183.58239695974692
CUST-62,2023-07-19,453.4160968699414
CUST-37,2023-01-23,386.1226266245811
CUST-97,2023-10-30,280.535343678675
CUST-51,2023-12-12,131.54427391558977
CUST-44,2023-10-29,154.51994840822354
CUST-24,2023-12-29,367.3192434548891
CUST-79,2023-08-06,426.33125912212154
CUST-59,2023-05-21,337.3552114176541
CUST-32,2023-04-14,405.7173380053787
CUST-96,2023-07-29,384.494786924201
CUST-88,2023-04-21,79.10346413869408
CUST-52,2023-04-14,214.8526823920845
CUST-62,2023-11-12,80.72698141013852
CUST-58,2023-06-20,121.44161447698248
CUST-52,2023-12-22,435.283514202271
CUST-12,2023-11-20,239.08152298842515
CUST-39,2023-05-13,270.00226041211715
CUST-2,2023-10-20,93.3307527877472
CUST-3,2023-11-24,159.57453409415402
CUST-56,2023-05-07,118.97185337179562
CUST-81,2023-04-16,107.06215143662108
CUST-59,2023-04-02,320.7905926914052
CUST-2,2023-10-14,132.15750458462884
CUST-2,2023-02-20,317.84766558010716
CUST-92,2023-01-29,33.935033983734186
CUST-54,2023-10-23,75.17832479591542
CUST-87,2023-10-24,140.89742573006205
CUST-96,2023-08-02,300.53822386336736
CUST-97,2023-09-24,339.5414163182511
CUST-1,2023-09-14,224.14489855586592
CUST-19,2023-10-29,225.66650271572834
CUST-2,2023-04-11,363.63584144231595
CUST-53,2023-12-12,12.831440423963308
CUST-44,2023-04-20,173.83956211473918
CUST-90,2023-07-01,410.2599932740202
CUST-32,2023-11-09,303.59360805561926
CUST-70,2023-01-01,171.9274307139331
CUST-32,2023-11-15,453.2347722031886
CUST-68,2023-02-24,387.44825008744436
CUST-55,2023-05-29,136.12324638218305
CUST-75,2023-11-05,324.41846957522984
CUST-56,2023-05-17,299.8966104535336
CUST-17,2023-07-21,203.58801744929642
CUST-38,2023-11-09,186.64325920637634
CUST-24,2023-04-27,175.06243501397344
CUST-69,2023-06-03,310.49211278084516
CUST-98,2023-10-18,223.9929185579314
CUST-70,2023-03-04,416.7722410594539
CUST-86,2023-09-01,336.4532949863111
CUST-11,2023-01-25,39.616144826169894
CUST-16,2023-03-31,321.8832707949422
CUST-97,2023-03-16,139.21798106759147
CUST-73,2023-10-21,298.4419358684442
CUST-59,2023-07-29,341.66530589620845
CUST-70,2023-12-13,119.26044863123597
CUST-80,2023-01-17,231.14502921578247
CUST-93,2023-05-08,99.21080709543855
CUST-3,2023-12-30,30.907743514321613
CUST-20,2023-09-08,192.3458296255052
CUST-59,2023-06-28,184.65741456376603
CUST-36,2023-07-01,497.76284289860723
CUST-19,2023-06-01,225.94441384283286
CUST-90,2023-01-25,170.1169269887392
CUST-67,2023-06-29,292.33512832475395
CUST-19,2023-07-17,48.93986008334539
CUST-20,2023-12-10,481.02453929763254
CUST-96,2023-06-10,319.30522256756143
CUST-71,2023-06-26,378.64472087071965
CUST-52,2023-10-12,89.38657939608919
CUST-33,2023-03-04,207.69153723757591
CUST-40,2023-05-30,214.2311111311138
CUST-39,2023-06-03,411.794189731038
CUST-82,2023-06-05,5.612156480907674
CUST-1,2023-02-18,153.92228863486127
CUST-11,2023-12-03,490.7120053004304
CUST-92,2023-03-25,240.0688390355782
CUST-57,2023-12-27,194.3505087207841
CUST-89,2023-06-26,64.31535599873494
CUST-50,2023-05-28,487.2114911708677
CUST-23,2023-04-28,14.913046183283111
CUST-31,2023-12-08,369.90421137858533
CUST-94,2023-03-04,385.4569033703117
CUST-42,2023-07-08,125.61007445161398
CUST-99,2023-12-26,337.42142958845346
CUST-7,2023-02-18,50.99992646779801
CUST-16,2023-11-23,132.23839688387955
CUST-90,2023-09-14,395.01148420467115
CUST-60,2023-08-12,433.01966505660243
CUST-2,2023-05-21,306.2007742665967
CUST-1,2023-08-03,255.8850237511389
CUST-48,2023-07-30,83.85549020639525
CUST-12,2023-11-14,36.23897137417933
CUST-69,2023-02-01,63.23626909441152
CUST-37,2023-06-07,117.5418635475689
CUST-32,2023-10-12,174.12887843897582
CUST-9,2023-11-01,193.55021512793869
CUST-99,2023-10-13,176.42927545155675
CUST-19,2023-05-24,123.33238943764647
CUST-48,2023-01-19,257.31350214209056
CUST-80,2023-01-18,413.5166235752839
CUST-3,2023-09-14,143.4532515433822
CUST-20,2023-03-19,471.48157445560537
CUST-24,2023-06-24,437.3016475533047
CUST-54,2023-07-13,85.07328461929426
CUST-33,2023-04-23,394.2065985947618
CUST-24,2023-04-24,289.4207542472945
CUST-75,2023-08-10,285.45480427485217
CUST-72,2023-06-15,198.56616771379635
CUST-36,2023-11-15,253.07073459509482
CUST-38,2023-05-12,201.60349482745946
CUST-84,2023-09-21,272.1676462861717
CUST-99,2023-02-24,315.83527612245473
CUST-89,2023-12-25,338.780384172479
CUST-99,2023-05-11,268.57819031691594
CUST-25,2023-10-15,362.1039233277222
CUST-93,2023-09-23,74.93263439137537
CUST-18,2023-06-11,109.93133299660808
CUST-82,2023-03-28,410.27382701676373
CUST-66,2023-02-24,164.65134903397552
CUST-54,2023-10-15,16.33244336317952
CUST-35,2023-06-27,81.12661908567539
CUST-80,2023-12-15,115.68914507567406
CUST-61,2023-01-08,478.87482950782066
CUST-41,2023-11-17,288.6555073207704
CUST-100,2023-11-09,466.70171653574613
CUST-33,2023-09-04,289.7058584958293
CUST-68,2023-11-19,242.28044786823662
CUST-33,2023-09-12,160.29520714107755
CUST-14,2023-11-24,305.1536174945209
CUST-21,2023-02-23,73.90302218567727
CUST-48,2023-09-06,449.63950550988943
CUST-20,2023-08-27,415.5195405449354
CUST-8,2023-08-17,162.17806669898482
CUST-7,2023-03-08,476.6347761626407
CUST-67,2023-02-20,413.47437987070623
CUST-17,2023-04-07,334.82190848834466
CUST-33,2023-04-02,65.27214600701103
CUST-48,2023-09-21,241.7258414087958
CUST-76,2023-10-18,255.52323964914166
CUST-59,2023-04-06,120.11292239086315
CUST-86,2023-03-29,44.58287020785446
CUST-22,2023-03-19,389.4781970834879
CUST-30,2023-10-15,65.40735080157555
CUST-38,2023-04-30,299.1739215280785
CUST-51,2023-10-29,468.542341072412
CUST-54,2023-06-14,438.6720703360311
CUST-8,2023-07-01,142.48754875588426
CUST-27,2023-08-11,426.4670755878763
CUST-27,2023-11-07,5.164590529642256
CUST-98,2023-01-07,13.755465758562325
CUST-21,2023-11-26,303.26381610221813
CUST-30,2023-09-20,185.5751184765421
CUST-97,2023-06-10,196.29811637377784
CUST-28,2023-05-31,284.3983398860468
CUST-64,2023-03-26,99.93231551797099
CUST-97,2023-05-27,109.81889857941178
CUST-69,2023-04-22,244.87778557433802
CUST-61,2023-02-05,378.3555044502122
CUST-48,2023-10-12,311.6513869467559
CUST-19,2023-07-07,152.19074887723525
CUST-4,2023-03-23,218.01690286691598
CUST-35,2023-01-02,89.47905548224921
CUST-64,2023-10-30,41.941758096855445
CUST-49,2023-07-16,392.43454016835386
CUST-17,2023-01-11,136.36676754815633
CUST-44,2023-08-22,92.99436198636786
CUST-92,2023-07-14,347.35093750681307
CUST-30,2023-04-29,310.93557877215704
CUST-93,2023-01-20,318.4288648766647
CUST-46,2023-09-18,118.30282939907374
CUST-6,2023-10-20,120.15954158852709
CUST-99,2023-09-13,114.29730174389137
CUST-37,2023-08-10,91.00753485283578
CUST-24,2023-08-14,329.5832179180199
CUST-93,2023-02-22,424.7678631984537
CUST-46,2023-12-21,363.5371474899473
CUST-53,2023-12-08,397.0863487114689
CUST-95,2023-12-30,205.3752223971739
CUST-99,2023-10-07,328.76751870913904
CUST-60,2023-03-22,180.3469390201634
CUST-97,2023-07-21,265.1247878744768
CUST-63,2023-06-07,243.40924903475684
CUST-85,2023-04-30,92.55913684620792
CUST-32,2023-02-28,196.60398636613726
CUST-87,2023-08-03,482.09202636376375
CUST-33,2023-05-08,128.04722756889635
CUST-67,2023-08-12,71.23284945834692
CUST-18,2023-07-28,212.19740770384797
CUST-25,2023-04-25,396.2171792507733
CUST-95,2023-07-28,293.1633737410863
CUST-54,2023-01-14,342.08253948293105
CUST-58,2023-01-09,98.89894984646521
CUST-67,2023-02-09,311.37935553882215
CUST-46,2023-08-25,165.1326954811795
CUST-24,2023-10-08,417.9801661476099
CUST-32,2023-12-25,316.5029089753144
CUST-47,2023-07-20,103.43385749877147
CUST-86,2023-09-03,36.98525652282264
CUST-23,2023-10-05,26.103438597081205
CUST-66,2023-08-23,188.84724098681966
CUST-27,2023-01-04,136.59631264388517
CUST-2,2023-06-03,324.8146111139415
CUST-90,2023-01-29,252.17024831441606
CUST-17,2023-04-19,136.67954261266345
CUST-33,2023-04-08,78.87270008533719
CUST-9,2023-08-03,67.96388253028755
CUST-43,2023-10-20,433.00689410950673
CUST-48,2023-03-16,125.52159436040928
CUST-39,2023-11-22,327.5967707159293
CUST-93,2023-05-26,406.2895343532018
CUST-42,2023-05-08,308.9702490364444
CUST-26,2023-12-07,430.48478966523817
CUST-99,2023-02-11,199.2348921565949
CUST-50,2023-12-22,478.3299843712294
CUST-25,2023-02-10,70.90677706815798
CUST-24,2023-02-03,55.56401718048136
CUST-13,2023-01-17,331.05261237268456
CUST-60,2023-06-14,471.7014149995646
CUST-7,2023-06-02,405.3973135099824
CUST-57,2023-03-17,42.826345421835455
CUST-36,2023-03-28,143.28701839768462
CUST-45,2023-04-27,465.50784799472274
CUST-20,2023-12-28,130.26392423638833
CUST-65,2023-12-08,391.67935977452504
CUST-8,2023-01-27,413.44043698470836
CUST-16,2023-11-09,250.248791213186
CUST-14,2023-10-14,196.24271037491616
CUST-76,2023-05-14,227.81159404778103
CUST-87,2023-08-07,117.34752371085526
CUST-15,2023-06-17,445.2485034837779
CUST-92,2023-04-08,228.05673008123017
CUST-98,2023-09-25,441.8174230257694
CUST-66,2023-08-25,57.318272553605674
CUST-32,2023-11-05,494.196259145065
CUST-87,2023-06-22,224.42017828459103
CUST-63,2023-07-09,28.676256095082206
CUST-86,2023-05-02,23.820814877540183
CUST-51,2023-02-15,374.3725924535101
CUST-25,2023-03-05,331.222589430822
CUST-58,2023-05-10,402.0546262731558
CUST-63,2023-11-06,57.15692930663895
CUST-62,2023-12-29,22.60757918259643
CUST-22,2023-07-12,256.74674827655133
CUST-58,2023-11-03,196.85963958397093
CUST-58,2023-06-30,233.6637336521231
CUST-86,2023-10-19,495.83626239078563
CUST-49,2023-10-09,485.5212290469817
CUST-52,2023-01-29,471.44611788823045
CUST-42,2023-05-29,393.00212499999856
CUST-70,2023-09-24,180.64647332716075
CUST-15,2023-10-23,209.00481048007194
CUST-54,2023-01-11,277.05994164086763
CUST-60,2023-06-13,416.11455592039573
CUST-97,2023-04-23,39.012852096542545
CUST-8,2023-07-06,215.02695851301962
CUST-53,2023-10-22,45.895743412338
CUST-60,2023-08-20,259.7555053538882
CUST-5,2023-08-15,449.9559078830865
CUST-68,2023-11-06,392.3300376591493
CUST-6,2023-04-08,117.78199668383944
CUST-96,2023-02-24,488.11547055140227
CUST-94,2023-04-21,335.33844703298206
CUST-47,2023-06-01,10.161711201714517
CUST-99,2023-09-03,131.42967491918364
CUST-55,2023-03-10,134.0530834603587
CUST-40,2023-11-08,39.28088161150067
CUST-52,2023-10-16,480.11412644758485
CUST-16,2023-09-07,241.73637081508227
CUST-13,2023-02-05,448.42822569908157
CUST-30,2023-08-27,164.49667420509104
CUST-19,2023-05-28,66.99061736424943
CUST-17,2023-08-15,239.79637440357587
CUST-63,2023-09-01,61.408534183586994
CUST-19,2023-12-03,245.57767397388227
CUST-92,2023-12-31,460.5471047036068
CUST-58,2023-07-20,262.7802302079353
CUST-55,2023-06-03,310.16736481306634
CUST-90,2023-03-14,82.53602630203511
CUST-90,2023-07-20,26.649134810584897
CUST-62,2023-10-23,59.84994127900448
CUST-23,2023-01-17,301.273129963761
CUST-9,2023-05-09,52.030791001190806
CUST-12,2023-08-05,191.11648052094915
CUST-1,2023-03-02,277.2955105267872
CUST-58,2023-04-14,197.3831353217743
CUST-1,2023-02-11,86.02348172532423
CUST-34,2023-01-25,140.5266972194827
CUST-96,2023-02-08,464.5171787600456
CUST-48,2023-10-18,339.61122641524594
CUST-89,2023-05-11,250.54368014654384
CUST-1,2023-08-17,11.293870543512291
CUST-16,2023-04-18,496.24562324228776
CUST-61,2023-06-21,337.3701927728484
CUST-64,2023-04-12,161.87662628574773
CUST-63,2023-12-20,440.2379866989299
CUST-69,2023-01-12,132.92365204444997
CUST-22,2023-10-02,274.28820669546207
CUST-93,2023-04-11,319.8550280462634
CUST-67,2023-02-13,114.42636886959558
CUST-76,2023-11-01,489.306653006295
CUST-26,2023-01-17,375.3549934596038
CUST-16,2023-11-26,281.1175466279796
CUST-51,2023-02-26,94.39432609677394
CUST-86,2023-11-07,31.65981246402293
CUST-57,2023-10-30,163.42961709788682
CUST-29,2023-01-12,377.8277312771344
CUST-78,2023-11-14,138.3189926595024
CUST-92,2023-03-21,272.080329145275
CUST-69,2023-08-04,365.3338524817179
CUST-47,2023-12-05,58.43213874999985
CUST-94,2023-09-21,344.2225179773573
CUST-62,2023-05-29,50.47608941647213
CUST-69,2023-03-22,482.7392223528633
CUST-76,2023-08-03,246.7550943821451
CUST-16,2023-07-17,79.5846733163893
CUST-90,2023-07-19,174.4798998366055
CUST-90,2023-01-25,209.6411424011544
CUST-48,2023-03-30,380.301580482886
CUST-85,2023-09-25,372.9947741079216
CUST-39,2023-05-23,307.91055014197883
CUST-100,2023-02-28,57.43570271645402
CUST-33,2023-12-31,80.02683893589843
CUST-94,2023-01-26,51.409675719550535
CUST-23,2023-02-16,290.70052772733726
CUST-10,2023-10-15,439.183528548145
CUST-69,2023-09-23,219.73125356611203
CUST-100,2023-01-16,84.61984610908436
CUST-34,2023-07-18,281.23095094873867
CUST-52,2023-10-09,406.81734734852637
CUST-95,2023-03-27,372.1474704489004
CUST-10,2023-09-07,441.3181359391356
CUST-19,2023-09-27,142.56153813818958
CUST-58,2023-12-01,101.00716429754856
CUST-96,2023-04-27,440.5091605412597
CUST-1,2023-01-07,330.4923548251214
CUST-69,2023-05-17,158.90982035373932
CUST-4,2023-06-25,372.46228503339205
CUST-16,2023-11-24,408.4836003177821
CUST-24,2023-11-11,309.4142289688605
CUST-80,2023-08-03,345.502634390558
CUST-2,2023-03-23,190.75365269911984
CUST-92,2023-08-11,271.65435533480434
CUST-32,2023-04-13,264.4587895094503
CUST-91,2023-09-30,424.7836566097321
CUST-84,2023-01-14,420.78217023968034
CUST-24,2023-06-08,417.1768323267864
CUST-12,2023-06-01,10.460649059920568
CUST-50,2023-04-18,376.0250148120997
CUST-35,2023-07-07,380.5448131049474
CUST-33,2023-10-28,340.7975173132952
CUST-33,2023-04-08,379.351005656269
CUST-61,2023-05-11,421.7753338908708
CUST-51,2023-10-20,237.8079317803839
CUST-43,2023-06-20,253.51485567678134
CUST-12,2023-07-02,66.7334581711383
CUST-67,2023-12-30,195.7610621084441
CUST-65,2023-02-08,323.4657640563332
CUST-33,2023-01-15,391.29788919290087
CUST-40,2023-01-04,112.51850335714923
CUST-74,2023-12-15,73.22233508382152
CUST-43,2023-07-29,333.20579222774364
CUST-44,2023-06-10,5.9305423448307675
CUST-29,2023-01-16,93.29442923212827
CUST-13,2023-04-18,19.3903332702571
CUST-12,2023-11-07,87.60813333816111
CUST-95,2023-08-15,94.75304356312509
CUST-46,2023-06-19,196.89842940144513
CUST-2,2023-02-03,204.1519267198452
CUST-35,2023-09-08,437.7599229520677
CUST-87,2023-09-04,257.5043076869185
CUST-81,2023-09-26,363.08535897808173
CUST-90,2023-05-21,56.54799217054229
CUST-8,2023-10-01,116.59218395452845
CUST-93,2023-04-06,352.957003284445
CUST-26,2023-08-15,31.137960431921403
CUST-74,2023-02-08,245.8658428106578
CUST-90,2023-10-29,301.68763800315224
CUST-34,2023-01-29,303.0620938059781
CUST-7,2023-11-14,16.351741577680805
CUST-68,2023-09-02,164.44346209344684
CUST-58,2023-08-24,320.06287226933125
CUST-75,2023-07-04,78.75486939387551
CUST-29,2023-09-29,349.23074592238635
CUST-36,2023-08-24,374.2329783627689
CUST-89,2023-08-27,491.0747492708419
CUST-21,2023-09-23,108.87178745392266
CUST-36,2023-12-25,413.43968049472704
CUST-10,2023-12-06,262.54680557473375
CUST-73,2023-03-06,189.86398509136586
CUST-24,2023-06-26,65.57649487596308
CUST-64,2023-01-03,369.07527521133113
CUST-99,2023-05-22,121.74951157612512
CUST-49,2023-06-07,188.85389092715764
CUST-99,2023-11-20,35.95840231419737
CUST-36,2023-05-26,401.6766233306619
CUST-82,2023-10-20,384.46131936596345
CUST-96,2023-06-02,368.1398358709447
CUST-24,2023-07-12,153.2245376934839
CUST-23,2023-03-14,90.87263676164883
CUST-62,2023-11-01,320.5888659127637
CUST-96,2023-12-10,250.60236013604361
CUST-37,2023-05-20,93.23497111779758
CUST-12,2023-07-06,344.52607916968253
CUST-55,2023-10-20,495.6075837515453
CUST-13,2023-03-02,374.87369593230864
CUST-23,2023-07-17,371.2932614093778
CUST-89,2023-10-22,475.4048127006429
CUST-99,2023-11-15,105.45350194957658
CUST-30,2023-10-29,284.947232636113
CUST-17,2023-12-10,489.9251239417723
CUST-62,2023-01-11,86.82058493023641
CUST-84,2023-03-03,351.6247199250379
CUST-89,2023-11-29,294.9760222560915
CUST-86,2023-08-14,295.30715063340995
CUST-13,2023-06-02,350.34696062243717
CUST-59,2023-07-18,465.1603768234637
CUST-19,2023-02-21,392.3780602264123
CUST-49,2023-09-17,32.78737119102395
CUST-100,2023-02-28,427.10036983847704
CUST-12,2023-03-13,116.64295831323764
CUST-61,2023-05-28,191.57251154450412
CUST-19,2023-12-15,233.55774273812918
CUST-76,2023-03-04,243.0484703727695
CUST-9,2023-11-06,220.4142976314016
CUST-71,2023-08-31,468.9898806368529
CUST-28,2023-11-26,354.4794087936922
CUST-78,2023-04-17,317.42946974856966
CUST-95,2023-08-14,29.67180375255607
CUST-52,2023-11-09,452.43709847888545
CUST-83,2023-08-06,455.14814504415614
CUST-16,2023-08-29,391.20546639790064
CUST-69,2023-09-16,8.479455887741482
CUST-99,2023-09-19,33.35372428342356
CUST-12,2023-01-05,116.48573262290243
CUST-25,2023-09-18,70.01795703172881
CUST-52,2023-02-23,202.42383470334607
CUST-85,2023-02-16,461.6984137534559
CUST-100,2023-08-03,238.66991492751416
CUST-53,2023-06-26,11.634300083921977
CUST-23,2023-01-09,144.9591163414872
CUST-16,2023-04-09,27.074479644615963
CUST-57,2023-01-20,22.962373193683568
CUST-39,2023-08-29,141.48132728229837
CUST-53,2023-03-02,141.428107646078
CUST-42,2023-06-27,394.627668287794
CUST-58,2023-12-04,487.5431531266504
CUST-39,2023-03-03,188.74751147554915
CUST-14,2023-05-25,217.2990050362141
CUST-95,2023-08-04,423.1707709615806
CUST-5,2023-01-03,137.72881494727912
CUST-35,2023-06-09,82.40899317970674
CUST-87,2023-08-15,427.27936358480696
CUST-93,2023-09-26,28.01779028783242
CUST-75,2023-04-30,311.75122289871075
CUST-18,2023-03-30,283.18645949606935
CUST-76,2023-11-25,176.23062151333866
CUST-9,2023-03-09,161.0188129431927
CUST-74,2023-12-23,387.0695744599025
CUST-58,2023-04-08,47.78018232746051
CUST-17,2023-09-24,122.20823310913576
CUST-7,2023-04-15,367.56212225985445
CUST-46,2023-11-19,276.41868894457997
CUST-13,2023-05-03,68.35416322412527
CUST-40,2023-01-29,441.65712906961977
CUST-42,2023-05-17,199.75668404897783
CUST-9,2023-07-14,414.79484578447557
CUST-50,2023-08-14,394.9179426862158
CUST-27,2023-11-28,314.09059600350537
CUST-66,2023-06-19,249.76815999107103
CUST-5,2023-01-09,489.8776659889697
CUST-29,2023-02-09,76.75771082800944
CUST-37,2023-01-25,363.9520851378018
CUST-38,2023-09-18,99.63939722507055
CUST-83,2023-08-14,172.44023713951245
CUST-8,2023-05-04,157.80587796973165
CUST-65,2023-02-07,473.7828139306679
CUST-86,2023-11-24,483.84130800519625
CUST-17,2023-09-08,95.59264489618994
CUST-71,2023-06-25,15.907404347264572
CUST-89,2023-03-31,361.40397963324097
CUST-45,2023-02-06,211.90501726588974
CUST-4,2023-11-12,48.97592131834437
CUST-36,2023-06-25,343.45828226063605
CUST-70,2023-10-11,274.82723648904636
CUST-31,2023-03-22,490.35582689054746
CUST-19,2023-04-24,117.56770045138256
CUST-61,2023-02-09,204.9690487816414
CUST-54,2023-10-28,273.56017268073435
CUST-39,2023-08-12,396.8914942844091
CUST-91,2023-11-14,276.67513507642906
CUST-74,2023-12-15,308.3855796266649
CUST-90,2023-04-25,116.94279053702067
CUST-19,2023-07-05,424.2247704038371
CUST-39,2023-11-19,217.1721207503855
CUST-67,2023-02-25,74.77501562327579
CUST-45,2023-02-09,333.77301768018157
CUST-13,2023-12-20,111.96477432672721
CUST-92,2023-02-09,53.29344256845337
CUST-58,2023-12-13,431.68351966011477
CUST-20,2023-08-25,232.78032092177764
CUST-92,2023-10-16,375.89543778440935
CUST-72,2023-09-19,148.84084210414576
CUST-61,2023-08-04,394.5502167842448
CUST-39,2023-05-27,60.40828387565751
CUST-1,2023-12-02,181.20682002845209
CUST-3,2023-06-17,489.1405998968966
CUST-77,2023-04-02,398.024909602163
CUST-92,2023-12-19,251.14168550577065
CUST-62,2023-02-28,173.18984842313313
CUST-63,2023-02-28,436.70717151112586
CUST-25,2023-10-31,274.69964074683526
CUST-56,2023-06-18,380.42038384521
CUST-33,2023-09-26,378.2833017565012
CUST-38,2023-12-29,13.883110891403456
CUST-6,2023-02-14,67.49562248234366
CUST-58,2023-12-11,331.5165363653974
CUST-44,2023-06-30,85.00180658650636
CUST-45,2023-06-19,131.46920560452432
CUST-32,2023-12-22,473.58578732880557
CUST-45,2023-07-10,282.29021789558135
CUST-61,2023-06-04,376.6111059646768
CUST-47,2023-07-07,281.20046569740674
CUST-21,2023-01-07,278.494239317449
CUST-80,2023-05-13,51.60519551222046
CUST-85,2023-08-23,175.113280341506
CUST-75,2023-02-14,144.8032948498233
CUST-36,2023-11-10,198.41054097873857
CUST-99,2023-09-06,400.1803731710425
CUST-19,2023-01-31,189.1066706188481
CUST-20,2023-01-23,228.58992551968294
CUST-57,2023-06-09,201.70378829023167
CUST-18,2023-12-29,51.236946127771326
CUST-47,2023-06-07,223.33071833413794
CUST-49,2023-02-08,101.82659015703494
CUST-14,2023-03-23,97.42803140765552
CUST-15,2023-12-22,51.54787169496185
CUST-31,2023-09-15,181.55213220017356
CUST-1,2023-07-25,379.9535329707616
CUST-54,2023-03-18,141.83863683878104
CUST-3,2023-01-12,159.6128054333292
CUST-16,2023-10-22,323.1239555478497
CUST-87,2023-08-12,101.94120223052485
CUST-57,2023-01-13,448.9941755596495
CUST-75,2023-02-15,262.49430900951944
CUST-12,2023-06-04,226.5634554585074
CUST-74,2023-04-23,281.1209950049547
CUST-96,2023-08-21,87.18698514101675
CUST-16,2023-01-17,308.6692036263923
CUST-72,2023-12-26,184.73486463383517
CUST-76,2023-08-11,449.1072387774864
CUST-24,2023-12-20,88.58283230545464
CUST-28,2023-07-07,255.9902964133933
CUST-8,2023-12-10,301.0657515376639
CUST-92,2023-12-31,21.524882884258705
CUST-36,2023-06-12,185.0280967542894
CUST-90,2023-11-22,367.65444117691226
CUST-8,2023-03-15,411.0868661872418
CUST-58,2023-08-21,160.01518743455478
CUST-60,2023-08-12,400.30366982946185
CUST-50,2023-11-15,484.03915916617746
CUST-28,2023-03-01,429.1525983571716
CUST-92,2023-12-01,63.233774138865975
CUST-41,2023-08-10,371.1665143823426
CUST-100,2023-02-06,163.23508205806965
CUST-64,2023-10-05,494.2659147589779
CUST-27,2023-07-15,245.25269666414414
CUST-63,2023-12-18,65.6047796876758
CUST-17,2023-08-30,363.9668462735584
CUST-73,2023-11-20,164.89054320117586
CUST-33,2023-08-07,498.5536877554225
CUST-84,2023-07-11,489.9923166379883
CUST-77,2023-01-17,329.78633892018746
CUST-92,2023-01-12,69.26409223110021
CUST-29,2023-07-12,344.9961938491394
CUST-13,2023-01-22,51.050090797713466
CUST-46,2023-04-30,19.535258755684197
CUST-35,2023-07-29,412.3644308796356
CUST-6,2023-11-02,108.82770910342227
CUST-82,2023-09-27,192.6184274784532
CUST-69,2023-07-11,486.8614080382057
CUST-47,2023-06-24,171.73604842124612
CUST-25,2023-10-12,151.76244173524105
CUST-66,2023-07-23,459.5129598132737
CUST-10,2023-06-13,59.82048043288427
CUST-56,2023-09-08,380.99329300674276
CUST-30,2023-08-15,494.0924554931231
CUST-5,2023-01-07,451.14152533345117
CUST-33,2023-01-29,327.5756197596808
CUST-65,2023-02-02,160.46009352140234
CUST-18,2023-05-14,130.88938068326678
CUST-96,2023-03-20,410.53127691137325
CUST-49,2023-02-27,440.51184740608915
CUST-11,2023-01-26,265.09028171011795
CUST-85,2023-08-14,125.94827068930074
CUST-26,2023-10-12,60.90688816353091
CUST-63,2023-01-04,48.153836576756426
CUST-89,2023-04-09,360.94333644015853
CUST-86,2023-02-08,212.95877028462385
CUST-59,2023-09-28,453.15313776754584
CUST-27,2023-10-12,371.137293859748
CUST-49,2023-06-06,99.67390686772042
CUST-77,2023-03-16,308.819822313771
CUST-33,2023-10-15,220.57519992708887
CUST-98,2023-05-10,290.7386167304635
CUST-99,2023-06-24,370.34421605256597
CUST-1,2023-03-25,404.06696109687647
CUST-21,2023-01-22,422.6499765713285
CUST-55,2023-01-27,130.71756291315222
CUST-6,2023-07-14,20.402221959092053
CUST-92,2023-12-03,370.9508939065627
CUST-81,2023-08-24,57.64014449660842
CUST-69,2023-04-02,160.885196363419
CUST-95,2023-01-21,6.889481391551836
CUST-5,2023-10-30,342.42639378880193
CUST-3,2023-12-23,87.73034567825452
CUST-53,2023-03-25,329.3647927973708
CUST-23,2023-09-19,495.91259549808024
CUST-53,2023-05-27,40.972081446958065
CUST-37,2023-09-14,43.15361591597304
CUST-74,2023-02-27,173.48814587000408
CUST-74,2023-01-15,433.8613245544143
CUST-83,2023-06-11,111.68728505170927
CUST-17,2023-06-12,183.38702086552203
CUST-85,2023-11-16,38.91017628035489
CUST-78,2023-10-08,382.7618691731502
CUST-73,2023-10-07,207.1116396659283
CUST-1,2023-01-12,380.8281228651172
CUST-51,2023-10-01,452.28588295166355
CUST-45,2023-09-28,120.21775781513793
CUST-77,2023-07-27,404.6610350182759
CUST-4,2023-01-27,34.251475588735374
CUST-62,2023-03-13,449.92945714922246
CUST-65,2023-03-01,327.1304310415799
CUST-32,2023-05-25,437.742228448484
CUST-34,2023-04-03,5.093257780508039
CUST-92,2023-11-05,88.69512982621629
CUST-95,2023-01-08,197.93089677611357
CUST-72,2023-03-20,192.8539371704857
CUST-39,2023-01-27,117.23153954713779
CUST-26,2023-06-23,193.89791023426406
CUST-34,2023-02-19,68.78011244012615
CUST-54,2023-07-18,209.31675898668288
CUST-3,2023-12-15,402.1653929338358
CUST-50,2023-06-30,242.13968123615885
CUST-12,2023-01-24,13.910044027881419
CUST-65,2023-11-12,213.61480058172748
CUST-54,2023-02-15,18.45163296496786
CUST-5,2023-01-15,483.2904882998651
CUST-94,2023-06-02,68.08970991432014
CUST-94,2023-08-10,355.30572153365625
CUST-57,2023-07-25,486.5242798315825
CUST-17,2023-09-30,413.8893305749531
CUST-47,2023-08-24,351.1611106874708
CUST-23,2023-12-06,420.5331502028796
CUST-79,2023-08-16,490.9903531640107
CUST-85,2023-01-09,312.5655261404971
CUST-14,2023-06-15,281.7964793805166
CUST-66,2023-11-15,315.9778646793243
CUST-75,2023-08-02,268.6745639469697
CUST-51,2023-04-27,319.3691074253108
CUST-38,2023-12-10,227.67189294641682
CUST-64,2023-03-13,113.12937552723702
CUST-98,2023-03-05,64.52237712327944
CUST-38,2023-07-24,38.8287630884689
CUST-50,2023-07-28,135.34131295783405
CUST-98,2023-03-13,27.83116434618825
CUST-82,2023-10-04,285.74953606009586
CUST-30,2023-10-01,145.49508127664254
CUST-79,2023-11-16,413.1447300030809
CUST-91,2023-12-04,41.74923212925129
CUST-51,2023-04-05,117.04398969903554
CUST-63,2023-06-15,366.4718428096222
CUST-98,2023-02-01,301.41010670982826
CUST-52,2023-01-11,36.92317926833793
CUST-38,2023-10-28,439.2335312952892
CUST-97,2023-08-05,439.2445725989589
CUST-88,2023-10-16,168.55196191850806
CUST-79,2023-04-12,173.5008924580345
CUST-30,2023-09-24,494.5690373833361
CUST-51,2023-08-02,314.9572049386034
CUST-81,2023-06-28,268.0016776811893
CUST-5,2023-03-29,419.8853308582026
CUST-29,2023-02-10,146.21871748687164
CUST-4,2023-03-17,217.44538373119667
CUST-10,2023-02-15,137.54945436672543
CUST-56,2023-06-09,395.63461906142203
CUST-17,2023-03-21,288.8079260894329
CUST-74,2023-11-06,331.1184097193349
CUST-17,2023-03-27,129.89208867050624
CUST-84,2023-04-02,114.01152418177098
CUST-88,2023-05-28,246.74544134655466
CUST-69,2023-06-10,370.09504580094926
CUST-34,2023-07-21,264.9936799724793
CUST-6,2023-08-30,21.15961038510596
CUST-53,2023-12-19,434.9329956285429
CUST-66,2023-01-02,37.02001228999013
CUST-77,2023-08-13,478.13311944177235
CUST-43,2023-10-16,17.445269347249997
CUST-75,2023-08-21,348.7529757847008
CUST-23,2023-03-18,45.69249653733192
CUST-55,2023-04-26,455.7849068203941
CUST-80,2023-06-03,234.8944519316437
CUST-95,2023-04-13,73.07426853442261
CUST-75,2023-07-13,173.70377139597406
CUST-16,2023-06-15,86.58821429664721
CUST-8,2023-12-25,89.43804622075956
CUST-4,2023-03-31,474.31361848486387
CUST-4,2023-06-23,225.39682558097013
CUST-56,2023-05-02,395.457120633153
CUST-25,2023-05-23,321.6047527829525
CUST-67,2023-04-16,339.8310493575042
CUST-96,2023-11-01,70.18825204365906
CUST-67,2023-12-26,120.92130117366541
CUST-27,2023-11-13,394.4414159014463
CUST-93,2023-05-03,485.52927220501755
CUST-32,2023-01-09,135.0244430863326
CUST-50,2023-09-19,139.42653855176474
CUST-61,2023-03-14,239.08408074139788
CUST-51,2023-12-25,492.00095486344173
CUST-19,2023-08-11,138.13467818410317
CUST-21,2023-02-10,206.45109526896061
CUST-5,2023-07-23,446.28260773363587
CUST-82,2023-09-21,6.4459111475741935
CUST-92,2023-11-24,24.684152669341927
CUST-42,2023-06-27,304.0154801502535
CUST-61,2023-12-14,454.15318153285926
CUST-22,2023-11-14,123.23404689895419
CUST-21,2023-03-25,237.47267846695095
CUST-70,2023-11-14,227.98032432062004
CUST-1,2023-04-21,239.12081631727753
CUST-5,2023-09-08,313.14724938622385
CUST-12,2023-01-07,237.52316268038845
CUST-90,2023-03-25,226.49672995461663
CUST-46,2023-07-27,239.77276811347394
CUST-34,2023-11-10,297.4793834291655
CUST-49,2023-01-22,270.8187067339224
CUST-78,2023-01-03,427.79731883699964
CUST-90,2023-05-07,29.500942479364973
CUST-45,2023-10-24,417.4919503791412
CUST-27,2023-07-07,422.74268324280337
CUST-73,2023-12-28,146.0294706578256
CUST-26,2023-01-14,234.11171773284607
CUST-47,2023-01-12,222.07655182603057
CUST-86,2023-03-28,113.1623680052945
CUST-56,2023-01-12,201.41443930772664
CUST-94,2023-01-25,26.971947224572943
CUST-63,2023-10-28,142.52192602695854
CUST-48,2023-08-31,409.25767684810546
CUST-61,2023-05-02,145.85833937263428
CUST-81,2023-05-27,410.01230103038256
CUST-26,2023-02-24,268.1417349791933
CUST-36,2023-08-26,440.5320252937742
CUST-1,2023-12-22,289.5158793608855
CUST-8,2023-06-22,19.68577041704621
CUST-99,2023-08-09,339.33300273580915
CUST-52,2023-04-29,27.202516171666485
CUST-79,2023-11-05,228.04552439665133
CUST-47,2023-07-02,465.06621376419145
CUST-56,2023-10-15,86.77594997223582
CUST-86,2023-11-03,197.98681470606434
CUST-14,2023-10-27,366.2808528799968
CUST-90,2023-03-23,441.71798526694954
CUST-28,2023-07-30,337.1167873475414
CUST-87,2023-05-30,132.79576082462876
CUST-78,2023-02-06,338.930887193527
CUST-88,2023-12-18,151.88018234652455
CUST-2,2023-11-08,360.62246876027393
CUST-26,2023-12-27,477.24639815459506
CUST-14,2023-02-28,362.0897582976127
CUST-59,2023-05-11,432.1258489416441
CUST-56,2023-07-21,6.04140237206229
CUST-7,2023-08-31,360.1982017421392
CUST-3,2023-02-04,415.64584064829893
CUST-23,2023-04-03,25.076575084617303
CUST-18,2023-07-26,436.44087500767415
CUST-38,2023-12-19,132.0636430134727
CUST-99,2023-11-28,334.31959047913733
CUST-15,2023-11-01,401.1756651165863
CUST-64,2023-12-16,333.01893396438095
CUST-89,2023-08-01,50.680972076262336
CUST-28,2023-06-08,300.1791518358823
CUST-74,2023-01-24,277.0439100774611
CUST-39,2023-10-20,450.6590276967644
CUST-57,2023-01-04,205.09866617388354
CUST-17,2023-08-08,163.9351430580898
CUST-86,2023-12-30,376.1761283960508
CUST-90,2023-01-20,209.27428641128134
CUST-44,2023-06-01,324.81760662750617
CUST-25,2023-02-19,324.99279461168044
CUST-17,2023-06-26,444.57933685825833
CUST-13,2023-04-06,301.3527391479532
CUST-84,2023-04-15,253.5660369311835
CUST-25,2023-09-07,73.74130656627591
CUST-68,2023-04-27,62.290115305959155
CUST-10,2023-12-20,81.38917481512429
CUST-67,2023-08-16,90.06499825691178
CUST-18,2023-03-07,320.7491608684988
CUST-100,2023-12-01,371.78571888591637
CUST-86,2023-09-19,267.34580384857725
